"Positions","USCNS","USCNF","USDMS","USDMF","USFRS","USFRF","USILS","USILF","USJYS","USJYF","USUKS","USUKF"
1976/2/29 ,.000739371567879,-.00247096740501,-.943270129828,-.941936294157,-1.49552763404,-1.49806562979,-6.63725254212,-6.64209513881,-5.71464548833,,.707789457297,.703592438421
1976/3/31 ,.0106793514648,.0069634700679,-.947900463023,-.946318619588,-1.50209915676,-1.50614052934,-6.6601043746,-6.66490203286,-5.71002120775,,.705075751425,.701859121162
1976/4/30 ,.0157820582067,.0118027121192,-.927900360952,-.926373067216,-1.5430576397,-1.5489799434,-6.73494251016,-6.75910057966,-5.70254320744,,.633397176154,.628608659422
1976/5/31 ,.0198846651157,.0162343926154,-.92960072057,-.928309450707,-1.53892038223,-1.54268020452,-6.80382175186,-6.81961908466,-5.70095284381,,.603495958607,.59856173807
1976/6/30 ,.0216053341258,.0184976372418,-.953492616578,-.951184536427,-1.55617781287,-1.55892805739,-6.74031250769,-6.75522604069,-5.70691236767,,.562183916041,.557327457417
1976/7/31 ,.0315143183836,.0285326060356,-.94711320484,-.945125554656,-1.55664309416,-1.5592543729,-6.73223002711,-6.74399457607,-5.69122020202,,.581656804527,.575207882695
1976/8/31 ,.0229050024836,.0192116855712,-.931549732336,-.930377833856,-1.59166844192,-1.59594870314,-6.72716551782,-6.7366858352,-5.6801144046,,.581377279717,.574532549224
1976/9/30 ,.0236579367844,.0200579790446,-.924705928799,-.924484025342,-1.59468168554,-1.59859924386,-6.73373718103,-6.75577717829,-5.66647542224,,.573800422927,.566733255704
1976/10/31 ,.0294899010802,.0262527343842,-.893872343736,-.893760086154,-1.60071211613,-1.60683129743,-6.77122358408,-6.79759386945,-5.65947595273,,.51222464468,.501865602394
1976/11/30 ,.0287651664031,.0255470643758,-.880366407005,-.879213314091,-1.60817687822,-1.61358002446,-6.75523108499,-6.77294593091,-5.6898228571,,.461845441544,.448524597569
1976/12/31 ,-.0339917460446,-.0381225437146,-.88265870242,-.884209016915,-1.60919735434,-1.61579290432,-6.76446939579,-6.7827742688,-5.69391231698,,.508623200211,.498955451196
1977/1/31 ,-.0101149750055,-.0135093344387,-.857786737061,-.859030995425,-1.6004062404,-1.60664253785,-6.77288819506,-6.79820870609,-5.68097834436,,.531627751395,.520993752682
1977/2/28 ,-.0224858133321,-.0255160262232,-.882489707969,-.882541075088,-1.60476227563,-1.61002393746,-6.78243663317,-6.79961721068,-5.66312243657,,.539413080618,.532097759042
1977/3/31 ,-.0464669596077,-.0495874617925,-.872448911378,-.872439862649,-1.60534433947,-1.61090612588,-6.78595191702,-6.79692713794,-5.644579369,,.538538062333,.531510214959
1977/4/30 ,-.0501877110798,-.0521392564281,-.872605283239,-.872565638353,-1.60419008698,-1.60809340308,-6.78837166095,-6.79819000452,-5.62128125314,,.54203355089,.538421335357
1977/5/31 ,-.0445832304094,-.0470286464752,-.856995477279,-.856066082524,-1.6001720414,-1.60496833749,-6.78733006079,-6.79631358449,-5.62751902685,,.54209170564,.539646289574
1977/6/30 ,-.0521216804628,-.0534978196652,-.858533469516,-.857600805582,-1.5977384517,-1.60210327489,-6.78623963883,-6.79672736492,-5.62548294,,.54203355089,.536785725436
1977/7/31 ,-.0577267938431,-.0587988644095,-.850937831074,-.849963092761,-1.59343663324,-1.59676645437,-6.78524396434,-6.79293328993,-5.59227404895,,.542208004995,.539762873661
1977/8/31 ,-.0682253233816,-.0693499917193,-.832098174081,-.829813417068,-1.58579780136,-1.592266318,-6.78187257694,-6.79147258631,-5.5872646068,,.552619945423,.551468402228
1977/9/30 ,-.071106612926,-.0719974264473,-.840419609102,-.838456448657,-1.5896954337,-1.59255682012,-6.78254430539,-6.79148209982,-5.59165836689,,.555206079447,.554689387412
1977/10/31 ,-.0743886191078,-.0746848585272,-.829543364887,-.825562857417,-1.58207215902,-1.583676828,-6.78060637772,-6.78779373282,-5.56443334074,,.562981545983,.564006136237
1977/11/30 ,-.0990755502688,-.0996321746466,-.806611468281,-.804411996506,-1.56931633254,-1.57164439908,-6.77666192089,-6.78277259258,-5.50972977801,,.611665938692,.613562701217
1977/12/31 ,-.102909095224,-.102909095224,-.795062980445,-.793197888204,-1.57876597369,-1.5846490091,-6.77685355602,-6.78403996408,-5.49384795165,,.597461930426,.597461930426
1978/1/31 ,-.0899846952957,-.0900009417812,-.741763446807,-.737664690021,-1.54479505617,-1.54914892287,-6.76951799532,-6.77720664289,-5.47937747773,,.650761464064,.651126551297
1978/2/28 ,-.102585305736,-.104862751736,-.749399929655,-.746308086534,-1.56241677538,-1.56742133883,-6.76512806036,-6.77184646195,-5.48885925628,,.667059845797,.667419031987
1978/3/31 ,-.110221073775,-.110609061204,-.700467575416,-.697561403304,-1.55296167339,-1.55847855002,-6.74519085461,-6.75125442181,-5.47529684619,,.662430207898,.66181130025
1978/4/30 ,-.132661099683,-.133638407446,-.697553944719,-.693789097775,-1.51754800103,-1.51829284785,-6.74425967922,-6.75105515488,-5.38884681624,,.624868339807,.625296513652
1978/5/31 ,-.12157166522,-.12195089816,-.727003181412,-.723503643041,-1.52597312217,-1.52724677983,-6.76208633727,-6.76707510694,-5.41089419782,,.604042705477,.601579987034
1978/6/30 ,-.112751693569,-.113446224046,-.739156900025,-.735503926533,-1.52434093504,-1.52655702478,-6.76182874074,-6.76596165263,-5.40148549985,,.602401567253,.600483495697
1978/7/31 ,-.116145521334,-.115454328827,-.72477036899,-.720350287545,-1.50005324648,-1.50156933383,-6.74657414233,-6.74898668873,-5.31161543485,-5.30629661231,.624600638025,.622188091619
1978/8/31 ,-.129306080004,-.12952530323,-.713946492437,-.70975491696,-1.47286237743,-1.47325806344,-6.73437134788,-6.73778689646,-5.22874978773,-5.2219194932,.655964389432,.653782457038
1978/9/30 ,-.140909849799,-.141213888797,-.684388752599,-.680535857392,-1.46718505291,-1.46712773893,-6.72445863807,-6.72984556949,-5.26201621395,-5.25685171484,.667572929441,.66526197707
1978/10/31 ,-.173064197379,-.172835541989,-.65962160654,-.654664183826,-1.46596633346,-1.4661452125,-6.71292877424,-6.71787263579,-5.24144236348,-5.23540553466,.678794674336,.675390458971
1978/11/30 ,-.150466390553,-.151668056904,-.614650307172,-.609668541288,-1.44341839593,-1.44193289998,-6.70239815179,-6.70716723156,-5.22382851456,-5.21699220203,.703097511413,.701363335331
1978/12/31 ,-.156138971656,-.155412537582,-.660099326514,-.654443209874,-1.49213850594,-1.48919022005,-6.74869058435,-6.75311344636,-5.30960532632,-5.30060118349,.661656513469,.659952275702
1979/1/31 ,-.168842269944,-.1682752379,-.598693846392,-.591806942929,-1.42696939407,-1.42785148763,-6.71761484338,-6.7196810697,-5.2689912093,-5.25871317644,.713684831777,.712802738218
1979/2/28 ,-.183288613863,-.183821628708,-.633476482715,-.628507449969,-1.46232951523,-1.46065350534,-6.74086179819,-6.74358595304,-5.3128503209,-5.30552644157,.683601767716,.681175808779
1979/3/31 ,-.17064005202,-.170757567276,-.618259599882,-.612651449308,-1.45359731196,-1.45133416797,-6.73443680861,-6.73592668774,-5.31740752044,-5.31102453092,.704828685334,.702750916703
1979/4/30 ,-.145580636223,-.14564779432,-.633866878441,-.628995956096,-1.4636360007,-1.46110506215,-6.73587479185,-6.7368442598,-5.35587876246,-5.3520130472,.726340147916,.725227074023
1979/5/31 ,-.128229715484,-.130657740323,-.635434076372,-.630801784213,-1.46873281332,-1.46745780077,-6.73567838289,-6.73689433783,-5.40277101718,-5.3981166802,.726823706919,.725033369422
1979/6/30 ,-.153634070837,-.154329907357,-.650933320439,-.647001667938,-1.48921154721,-1.49059263922,-6.75099011342,-6.75336730304,-5.39933004927,-5.39481310998,.729720160791,.728610844836
1979/7/31 ,-.156009325508,-.156100521121,-.611170153368,-.606731628232,-1.45189255022,-1.4520191683,-6.71965971659,-6.72313877465,-5.38534778227,-5.38059325713,.783216377649,.77987518407
1979/8/31 ,-.158138063644,-.158943801031,-.604312356752,-.60081021371,-1.4472168776,-1.44832443533,-6.70886918509,-6.71338458013,-5.3759347616,-5.37170483979,.820000071556,.816558790475
1979/9/30 ,-.153324207229,-.153093947197,-.604597902098,-.601342629017,-1.44806967086,-1.44738782646,-6.70503127091,-6.7064781679,-5.39955462457,-5.39460630465,.810040932031,.808839142556
1979/10/31 ,-.149025058511,-.147995727456,-.553442223112,-.548429006093,-1.40671359389,-1.4066881904,-6.68558003008,-6.68652700027,-5.41703707556,-5.41151481264,.785498441624,.784266773927
1979/11/30 ,-.168185757712,-.167562396689,-.58722344326,-.581842787442,-1.43825104545,-1.43676598595,-6.72533719243,-6.7267355232,-5.47199484965,-5.46468546049,.728514324397,.728852105181
1979/12/31 ,-.153827859668,-.153108139561,-.536036105611,-.53198379348,-1.39226385567,-1.39174881023,-6.69282463314,-6.69344093588,-5.51738574808,-5.51249573834,.794349061069,.791770049165
1980/1/31 ,-.154922582606,-.154949849764,-.545357607308,-.540090364492,-1.39134913178,-1.39090415565,-6.68938634705,-6.69300489391,-5.47960610789,-5.4740484115,.797507195884,.795568380659
1980/2/29 ,-.144872945949,-.144262121765,-.55659577809,-.55207994771,-1.40659051174,-1.40512274055,-6.69570867922,-6.70195050022,-5.48199391229,-5.47702466543,.821540395328,.818148545723
1980/3/31 ,-.133224699747,-.130396593819,-.57892603647,-.571962995313,-1.43067824721,-1.42778682164,-6.71665309056,-6.71870422169,-5.51250028443,-5.50745696496,.80736832465,.804912143891
1980/4/30 ,-.179985107133,-.176226020698,-.679045889319,-.670595639279,-1.51272651801,-1.50783567996,-6.81489251022,-6.81296951054,-5.53881242317,-5.53456949489,.76197337149,.762999682459
1980/5/31 ,-.173716072343,-.17616677855,-.58880375655,-.584553331631,-1.43583849366,-1.43427523382,-6.74110534075,-6.74284611305,-5.48165601499,-5.47919595181,.815453304944,.812928218879
1980/6/30 ,-.146943717712,-.148469004092,-.578234353462,-.577835735983,-1.42123815023,-1.42362130013,-6.72829593231,-6.73533161134,-5.40954300166,-5.41295201585,.849081982181,.842558073897
1980/7/31 ,-.139124357657,-.142662225906,-.566768713064,-.567613788538,-1.40821155414,-1.4114889875,-6.73462783191,-6.7554751079,-5.39122888105,-5.39505415667,.85874636121,.850663618435
1980/8/31 ,-.146807984123,-.146958004595,-.584137417534,-.582358151827,-1.4257869959,-1.42711635564,-6.73714969388,-6.74894617769,-5.42456387863,-5.42649502151,.847369286408,.841653388859
1980/9/30 ,-.14532796984,-.144476904571,-.580233863899,-.577604487623,-1.42420393419,-1.42456773198,-6.74562728946,-6.75839178698,-5.38406426904,-5.38413660127,.878381158801,.874009339618
1980/10/31 ,-.156835725744,-.154749733341,-.592700451908,-.589253709072,-1.43337028472,-1.43305406165,-6.75753524408,-6.76676565378,-5.33989190093,-5.33910511887,.871711688476,.868779749203
1980/11/30 ,-.16435885642,-.161237633676,-.650400717608,-.644933064334,-1.48263643203,-1.47874149416,-6.80482456707,-6.804009703,-5.35122078204,-5.34631622055,.893431437728,.892202936345
1980/12/31 ,-.175773956717,-.171013493745,-.663777762385,-.654943028975,-1.5040537508,-1.49640583101,-6.82412381695,-6.82279521634,-5.38412208548,-5.37695322187,.854202539561,.858534492313
1981/1/31 ,-.177009830578,-.176018319892,-.668376145823,-.657959150029,-1.51153130754,-1.50410053984,-6.83400113542,-6.83116076096,-5.31449693542,-5.30408027497,.871711688476,.875677048989
1981/2/28 ,-.176878930905,-.177262350578,-.75144018536,-.745201926943,-1.58748738618,-1.58175224861,-6.91136730883,-6.91313402689,-5.31352678521,-5.30601622977,.853989705677,.856455798172
1981/3/31 ,-.184955095844,-.185748173511,-.76694390436,-.764882284113,-1.62310243842,-1.62104081817,-6.94422938062,-6.94459682196,-5.35167228118,-5.34399667107,.779554208301,.781615828548
1981/4/30 ,-.168152872673,-.17118083818,-.743658570412,-.742807980986,-1.6022662098,-1.60227423729,-6.95422454015,-6.95927161341,-5.35728546642,-5.35136822214,.806029337617,.807145284613
1981/5/31 ,-.178700269033,-.178949264511,-.791251959295,-.786566471453,-1.65658315659,-1.65316258585,-6.99928457533,-7.00101595301,-5.37397331374,-5.36418619294,.762673243209,.767094425512
1981/6/30 ,-.186927067298,-.18694050265,-.847401978249,-.84184825562,-1.71406929937,-1.71848726812,-7.05542938754,-7.05796445386,-5.4040422473,-5.39439580628,.721734637412,.727548607277
1981/7/31 ,-.183590675802,-.185105619842,-.880992949793,-.876023993521,-1.74670640169,-1.75194614281,-7.08849913363,-7.09459701037,-5.43018881681,-5.42056240801,.643431588314,.648672690458
1981/8/31 ,-.216624151186,-.219599804527,-.927062828856,-.920592762667,-1.79194458585,-1.79450093606,-7.12795086254,-7.13619101464,-5.50324547797,-5.49161465445,.588064404107,.592884758622
1981/9/30 ,-.185633944967,-.188610687078,-.898961182531,-.893605552885,-1.77239307074,-1.7819539531,-7.11245878667,-7.12649006006,-5.44232680556,-5.43239813507,.606226708529,.610471843891
1981/10/31 ,-.186725350259,-.189985819612,-.843546830318,-.839856184184,-1.71725241705,-1.73432786866,-7.07573293794,-7.09071398139,-5.45164870999,-5.44425947635,.605135303237,.604589153578
1981/11/30 ,-.181386790084,-.184074592797,-.799174852157,-.796233964849,-1.71714484555,-1.71829255698,-7.0777210514,-7.08289924757,-5.43508031796,-5.42815722263,.627541423462,.626633376502
1981/12/31 ,-.169087771757,-.173340948528,-.801746190836,-.800718838564,-1.7290613798,-1.73270721618,-7.08636281108,-7.09489252308,-5.37345273196,-5.36908990875,.663821351178,.661088756866
1982/1/31 ,-.172539275378,-.174510731178,-.809707188196,-.807515002073,-1.74034669668,-1.74784201938,-7.09060053309,-7.0991924312,-5.39248398116,-5.38715649564,.646579544744,.645269100315
1982/2/28 ,-.183082302361,-.182885095834,-.855095170847,-.85130473138,-1.78736267449,-1.78761711723,-7.13352765769,-7.13961150267,-5.44935511367,-5.44257143449,.621382614331,.622027048057
1982/3/31 ,-.205028217826,-.205931803472,-.86982561454,-.865820144238,-1.80570695017,-1.80594732427,-7.15610683264,-7.16132292057,-5.47223145875,-5.46473813897,.599660337466,.600209184901
1982/4/30 ,-.20387142979,-.204641218443,-.877193156955,-.872184417017,-1.83270460198,-1.84586198939,-7.18615849954,-7.19978736666,-5.50651632843,-5.49953576731,.580258398481,.581768592577
1982/5/31 ,-.196710294246,-.197346143444,-.847058940305,-.841309030641,-1.80614820668,-1.81268310614,-7.16917578292,-7.17786398282,-5.46292441541,-5.4557343954,.584447763637,.586007305002
1982/6/30 ,-.221631919864,-.223568089635,-.862565332518,-.857434993872,-1.81616777283,-1.83470235532,-7.17623314645,-7.18558339542,-5.4945280355,-5.48770928501,.580817995586,.582103881767
1982/7/31 ,-.251570707114,-.253323079887,-.905272934134,-.899785404242,-1.92442543558,-1.92467212564,-7.23341794275,-7.23798977345,-5.54595658868,-5.53860362435,.550430878358,.55270625773
1982/8/31 ,-.222686826027,-.226049453476,-.890855834726,-.887932350066,-1.91430873699,-1.91738403126,-7.21912712256,-7.22633868656,-5.5473778614,-5.54246460257,.560757992514,.561043339927
1982/9/30 ,-.215561129451,-.218595825924,-.913381215711,-.910170662585,-1.94325035196,-1.95015468154,-7.24613488443,-7.25526709122,-5.55741343479,-5.55389928389,.542905517229,.543050771061
1982/10/31 ,-.210747556163,-.212572096206,-.925385704352,-.922486702305,-1.96463814736,-1.9690247516,-7.25798450119,-7.26384093035,-5.59502139479,-5.59149969031,.528567305242,.529127124936
1982/11/30 ,-.201453854875,-.203667774814,-.937636322256,-.935802541122,-1.97416357173,-1.98282288933,-7.28295008861,-7.29212714158,-5.62068077572,-5.61812329632,.520280782537,.520251064413
1982/12/31 ,-.216922212451,-.218740767066,-.906107030224,-.903272814853,-1.9437586191,-1.95091391341,-7.26209406054,-7.27360431864,-5.51992458325,-5.51816726897,.487659345734,.487075816595
1983/1/31 ,-.206247360841,-.206702944544,-.865891855565,-.862941784166,-1.90650394729,-1.9197887847,-7.22190017597,-7.23987297046,-5.45928950533,-5.45682118385,.480881747393,.479923019026
1983/2/28 ,-.211262223427,-.212430661915,-.901749827952,-.899218965642,-1.94234173509,-1.94884046821,-7.25281446402,-7.26041230156,-5.47718809418,-5.47514483902,.421338457264,.41953236532
1983/3/31 ,-.205126252702,-.206132857799,-.892444093905,-.889350010494,-1.9344176881,-1.94442149088,-7.25150267997,-7.26206540759,-5.47631495186,-5.47449881662,.409789079588,.407429843418
1983/4/30 ,-.20936520866,-.209114073791,-.887223888143,-.881801596807,-1.98375211909,-1.98621638522,-7.27555783472,-7.28152065411,-5.47630418522,-5.47361481796,.394404160749,.393561203605
1983/5/31 ,-.203666407729,-.204132372313,-.902417304002,-.899108901352,-2.00081297835,-2.0037949614,-7.28998991129,-7.29451433199,-5.47186940739,-5.46934121062,.445006282729,.443755901841
1983/6/30 ,-.207619716676,-.208949928164,-.93590225536,-.932145255347,-2.03738751953,-2.04053536318,-7.31875883063,-7.32423288732,-5.48071751189,-5.47812959078,.464048432207,.463356586524
1983/7/31 ,-.203959733495,-.203861795099,-.93216151034,-.928200077118,-2.03248612819,-2.03463118139,-7.31572025253,-7.32103534023,-5.47638568611,-5.47355176789,.426247647291,.426345585688
1983/8/31 ,-.210266834714,-.20964173188,-.986365770893,-.981876445039,-2.08621339017,-2.08862597797,-7.36939622922,-7.37414118743,-5.49696715855,-5.49378213895,.411115779617,.411579709108
1983/9/30 ,-.209305754099,-.209005599017,-.99070362275,-.986805225682,-2.09294238865,-2.0957226344,-7.38341333873,-7.38962180727,-5.50870478652,-5.50610442041,.40479821912,.405098374203
1983/10/31 ,-.207934132651,-.207694115798,-.963668012885,-.960483164613,-2.07505186723,-2.07804226806,-7.36976715339,-7.37614873089,-5.4545836352,-5.45216446678,.394741144745,.394707451455
1983/11/30 ,-.209256791323,-.209188844501,-.976658103692,-.972982104783,-2.08889886622,-2.09089029415,-7.38178711106,-7.38775251025,-5.45936363468,-5.456421492,.396424363456,.396928777086
1983/12/31 ,-.214945372368,-.214723159171,-.994965569488,-.991705410751,-2.10609850405,-2.10829684456,-7.4000220985,-7.40526025579,-5.45001465947,-5.44737623516,.376722639243,.377442791534
1984/1/31 ,-.218240057253,-.217820772704,-1.00238309674,-.999012502553,-2.11812553063,-2.12022910864,-7.41104309174,-7.41647864981,-5.4460006446,-5.44363026472,.372597504483,.373182934187
1984/2/29 ,-.220801214296,-.221036517514,-1.0278707884,-1.02636934397,-2.14470538461,-2.14701010934,-7.44052898428,-7.44656868416,-5.45666240783,-5.45375707535,.34394425146,.344334108104
1984/3/31 ,-.224293482107,-.224299499675,-.959667834957,-.956104405974,-2.08366273832,-2.08806199443,-7.39203886529,-7.39804615998,-5.45319294673,-5.45040227606,.390351470298,.39099424168
1984/4/30 ,-.243075932999,-.24278045327,-.956769929924,-.952727931585,-2.07996387128,-2.08194249821,-7.38780924408,-7.39243608329,-5.41458991566,-5.41110639735,.361513220579,.363009836072
1984/5/31 ,-.254963777829,-.254668229393,-1.00389802092,-.999343879651,-2.12411875622,-2.12528410969,-7.42967790096,-7.4332510925,-5.42464746278,-5.42057094778,.335042643812,.336972111663
1984/6/30 ,-.257550208171,-.257137808039,-1.00167682634,-.996490283037,-2.12451288539,-2.12550968549,-7.4288491867,-7.43207165145,-5.45236493233,-5.44812930988,.326061085321,.32775578708
1984/7/31 ,-.274925253428,-.275266358698,-1.02622994248,-1.02102348953,-2.14800254099,-2.14821289652,-7.45149010432,-7.45429704243,-5.47448258284,-5.46921319771,.300845058978,.303395467871
1984/8/31 ,-.269663566949,-.270476346911,-1.06978286706,-1.06429730358,-2.19054589852,-2.19041559418,-7.49100872824,-7.49339665308,-5.50285573003,-5.49799640362,.263901543786,.263440608079
1984/9/30 ,-.258875098031,-.259232892082,-1.0690151127,-1.06379006791,-2.18977814416,-2.18917161882,-7.49451814037,-7.49630852115,-5.4918637419,-5.487532922,.264669298143,.265436463504
1984/10/31 ,-.275180003835,-.276004086026,-1.11795267143,-1.1131250514,-2.23834282427,-2.23819506196,-7.54502664528,-7.54876502038,-5.5063985529,-5.50176328041,.213093215461,.213618330089
1984/11/30 ,-.268263986595,-.27051216328,-1.09590958432,-1.09297602835,-2.21682431388,-2.21784827615,-7.52466827968,-7.5295095234,-5.49769904609,-5.49509497023,.21107097008,.209936723827
1984/12/31 ,-.27918744846,-.281537112205,-1.13524842526,-1.13297371619,-2.25291735088,-2.25504558909,-7.56193234155,-7.56713644185,-5.51222879186,-5.51046073578,.179818426576,.178731787943
1985/1/31 ,-.278494177359,-.279846035542,-1.14716960324,-1.14473179542,-2.26567404872,-2.26772887963,-7.56756603927,-7.57278710266,-5.52748244143,-5.52692790026,.147557564358,.146564837082
1985/2/28 ,-.28344902614,-.284319147451,-1.15522710337,-1.15299411341,-2.27234130743,-2.27371879652,-7.57841949814,-7.58339486773,-5.54822276942,-5.54612060624,.117338492417,.113953490076
1985/3/31 ,-.328783748137,-.330518339782,-1.21094147364,-1.20795717324,-2.33017304951,-2.33191099668,-7.6458000536,-7.65066033048,-5.56479723135,-5.56248901875,.06999237182,.0651320949378
1985/4/30 ,-.311925684062,-.313134619418,-1.13673124677,-1.134205244,-2.24924471498,-2.25092645995,-7.59083146701,-7.5963337043,-5.53082390098,-5.52796919896,.200897942367,.196840642893
1985/5/31 ,-.313201637769,-.31427260285,-1.1463575444,-1.14397798291,-2.25872757371,-2.26034534866,-7.60212769964,-7.60515900426,-5.531625673,-5.52960576427,.201715603901,.198071866885
1985/6/30 ,-.311908183877,-.314162638804,-1.11686992991,-1.11396101465,-2.22978045584,-2.23211992949,-7.5757573369,-7.58070530394,-5.51626045595,-5.51573943601,.255959180256,.252003079995
1985/7/31 ,-.308621773538,-.310154928304,-1.11280951027,-1.1109874697,-2.22455109038,-2.22702111345,-7.56859764611,-7.57387958427,-5.5032961672,-5.50188844851,.266586109157,.262094997449
1985/8/31 ,-.301683378184,-.302604095662,-1.03672150045,-1.03415839394,-2.14891634089,-2.15298198649,-7.54246723245,-7.54588168895,-5.46799606996,-5.46653968629,.324255052683,.321032222133
1985/9/30 ,-.317892610182,-.318807863968,-1.0445450674,-1.04162307214,-2.16067019947,-2.16231510184,-7.54798400348,-7.55152952355,-5.47578748872,-5.47453126852,.320270262045,.317107370636
1985/10/31 ,-.315358551965,-.315973579939,-.974746698241,-.971774742682,-2.08992114091,-2.09172414384,-7.49136262147,-7.49636657881,-5.36872566644,-5.36715482435,.345007139071,.341779556422
1985/11/30 ,-.314311498195,-.314778975758,-.957432008983,-.95504270025,-2.072344218,-2.07338494329,-7.47394434781,-7.47847418671,-5.34128907931,-5.34091324373,.364990275542,.362035550181
1985/12/31 ,-.327258249246,-.328100789766,-.924658981545,-.921569563291,-2.03958196904,-2.04114283197,-7.44675177971,-7.45339900153,-5.31828475206,-5.31832621089,.397096858438,.394168204366
1986/1/31 ,-.335137155947,-.336169852993,-.894258016874,-.891418871356,-2.01478771354,-2.01906923641,-7.42089575859,-7.4286607285,-5.29970001454,-5.29895661679,.368455282474,.365441405979
1986/2/28 ,-.358785948963,-.361142776349,-.875438685213,-.874563350239,-1.99511481795,-2.00043946883,-7.39700100284,-7.40564693977,-5.25483225461,-5.25343358965,.326782586074,.322988886284
1986/3/31 ,-.352783888446,-.357325914238,-.797119770943,-.793944247307,-1.9216434414,-1.92862897719,-7.31990166986,-7.3310407159,-5.19079702284,-5.18926271176,.366031038863,.361757008346
1986/4/30 ,-.329604378838,-.332614998305,-.847734636983,-.845444336944,-1.96842075856,-1.97577099525,-7.36777035034,-7.37553915149,-5.18110756106,-5.17977366301,.386282288691,.382367056862
1986/5/31 ,-.319849529103,-.321648407989,-.789971859755,-.788015913246,-1.94856854672,-1.94956334756,-7.32006191891,-7.32479817643,-5.133815818,-5.1319603833,.424940884609,.421502485806
1986/6/30 ,-.327173467055,-.328442846855,-.843121677947,-.840796383214,-2.00147083225,-2.00173366526,-7.3714210236,-7.37552875945,-5.16401032913,-5.16176422821,.387979793767,.385364436401
1986/7/31 ,-.320867238552,-.322067091259,-.777251109208,-.775315049818,-1.93804519989,-1.93858224019,-7.30912599499,-7.3138132352,-5.09117415658,-5.08894719739,.438254930931,.435509229457
1986/8/31 ,-.321356402084,-.323135371841,-.734036490216,-.732584063121,-1.91430569191,-1.9150700641,-7.26612854435,-7.26983404904,-5.03578479441,-5.0343989427,.395751415921,.392751295688
1986/9/30 ,-.326502736561,-.328335730973,-.705151326041,-.704278399815,-1.89443271421,-1.8958146391,-7.24149219226,-7.24670118907,-5.035701477,-5.03540590644,.399111634136,.395583108254
1986/10/31 ,-.32853174825,-.330339385843,-.703474294716,-.702276506017,-1.89000128133,-1.89183438082,-7.24323839584,-7.2480563664,-5.03794074479,-5.03682988011,.368109321564,.364156884286
1986/11/30 ,-.330075626325,-.332093165623,-.72435885018,-.723206194168,-1.90769090785,-1.90893770561,-7.26198302268,-7.26524789899,-5.09992690481,-5.09852357307,.344652968711,.340642102064
1986/12/31 ,-.323875848936,-.325860727274,-.675962819413,-.674847508741,-1.86245078936,-1.86372763405,-7.21744649293,-7.22093191941,-5.08885758043,-5.08719619966,.363253259299,.359002233698
1987/1/31 ,-.323133855288,-.3246228692,-.654465950864,-.651087522821,-1.85228488962,-1.85502678873,-7.19964434123,-7.20401501965,-5.063725736,-5.06146023479,.39372985189,.390114555603
1987/2/28 ,-.287928105175,-.289014780761,-.59207898534,-.590267842669,-1.7962332614,-1.79811088518,-7.16012630839,-7.16351974847,-5.02755176776,-5.02607953242,.421338457264,.417690077731
1987/3/31 ,-.286802529757,-.287666021474,-.605321708044,-.603327342446,-1.80746037063,-1.80929499507,-7.17174128497,-7.17538269405,-5.03339228122,-5.03173717479,.447246642123,.443114073893
1987/4/30 ,-.268813588147,-.269329461989,-.599315657782,-.597164983977,-1.80131903047,-1.8029040693,-7.16735992804,-7.16987435173,-4.98858715687,-4.98626029968,.473123756582,.470128621434
1987/5/31 ,-.291792844712,-.292757427504,-.578019394318,-.575003849457,-1.78358756403,-1.78436750242,-7.14977291422,-7.15181214002,-4.94523094321,-4.9421933378,.51222464468,.510185418879
1987/6/30 ,-.290293240512,-.291195393229,-.606107839755,-.603550424376,-1.81075155991,-1.81160518268,-7.18729137453,-7.18993118461,-4.98013274717,-4.97737301253,.485815460762,.484337900929
1987/7/31 ,-.284041056693,-.284842682176,-.603235332675,-.600618910555,-1.80822285043,-1.80935955496,-7.18724583485,-7.19024120306,-4.98885111931,-4.98645384581,.480263318183,.478436720564
1987/8/31 ,-.278645150072,-.280556358894,-.622698975697,-.620007029644,-1.82497686436,-1.82585638982,-7.20825728591,-7.21138422572,-5.01441601694,-5.01112013237,.459953293392,.45799430512
1987/9/30 ,-.275643434554,-.277268671435,-.594707107747,-.592001648543,-1.80262502148,-1.80318399796,-7.17968899447,-7.1852555123,-4.95526867432,-4.95220339343,.494696241836,.492376480097
1987/10/31 ,-.26540421361,-.266782915575,-.613864336663,-.610873670618,-1.81599444007,-1.81609380436,-7.19497342194,-7.19817574399,-4.98959504288,-4.98662540269,.480572580595,.478529678965
1987/11/30 ,-.272618056422,-.273219445024,-.537773786875,-.534946217882,-1.75873001639,-1.76051424087,-7.14005745184,-7.14457298563,-4.92001030716,-4.9173249567,.553310235372,.551526010892
1987/12/31 ,-.272731627873,-.273153435309,-.499216869849,-.495350655261,-1.72505072212,-1.72625493575,-7.1037685141,-7.1064014467,-4.89037598809,-4.88720923526,.59856173807,.597847000706
1988/1/31 ,-.263367017005,-.264158236712,-.454715682304,-.451195098378,-1.67560539622,-1.67716230405,-7.06026957751,-7.06412659336,-4.79887204292,-4.79614547924,.630473586032,.629355047472
1988/2/29 ,-.242684111681,-.244322258808,-.525782866066,-.523165868668,-1.74087014573,-1.7417853157,-7.12673892459,-7.12947388207,-4.86268906546,-4.86070477925,.564461172932,.562867637793
1988/3/31 ,-.2285283523,-.230107524196,-.521455094476,-.518494519387,-1.74124537901,-1.74180203254,-7.12525865742,-7.12841603927,-4.85385649186,-4.85148767987,.575489137092,.573462337614
1988/4/30 ,-.208846924579,-.209780732571,-.503916215465,-.501040434407,-1.72510005652,-1.72638734106,-7.11294195618,-7.11620643297,-4.8208708534,-4.81818571896,.635518067723,.634193037716
1988/5/31 ,-.206241740512,-.207472950506,-.515602702914,-.512453690717,-1.73923795745,-1.74027932182,-7.12732768347,-7.12914009613,-4.82751533407,-4.82457940381,.631005784022,.630207380786
1988/6/30 ,-.208564101551,-.210042035567,-.545576595284,-.54206669559,-1.76217782316,-1.7620538097,-7.15719477817,-7.15917021942,-4.82940962782,-4.8261731728,.601031891652,.600977065588
1988/7/31 ,-.198744840269,-.199830028555,-.598571592723,-.595606077239,-1.81370962007,-1.81350156609,-7.20770744403,-7.20983134561,-4.89812931554,-4.89520450886,.531216313414,.529745508619
1988/8/31 ,-.188043894314,-.189405411682,-.629289295357,-.626808823303,-1.84488941851,-1.84451396613,-7.23252902373,-7.23488926617,-4.88861217606,-4.88567366641,.538538062333,.535966916172
1988/9/30 ,-.212872882334,-.214088048944,-.627711932416,-.624556666723,-1.85158117707,-1.85110930967,-7.24127810228,-7.24304518868,-4.91552427781,-4.91253412168,.514917241669,.511865083341
1988/10/31 ,-.190722504903,-.192289229964,-.620532184909,-.617721242064,-1.84602802706,-1.84542885249,-7.2345745844,-7.23634495367,-4.89491017479,-4.89195884417,.53003984269,.526915484915
1988/11/30 ,-.20452189024,-.206382614908,-.580497381905,-.577395034248,-1.80794544265,-1.80751980032,-7.19075748754,-7.19339166371,-4.83113939615,-4.82768910993,.569283193338,.566222486986
1988/12/31 ,-.172105855241,-.173211425121,-.549464989839,-.546081969259,-1.77881401166,-1.77795775006,-7.15510430913,-7.15729348113,-4.80040494919,-4.79668728731,.616805947303,.613562701217
1989/1/31 ,-.174552372321,-.175570413694,-.572717611094,-.569430337741,-1.8012499469,-1.80063876533,-7.17448979034,-7.17658669144,-4.82776079286,-4.82370043951,.592774206413,.589618319731
1989/2/28 ,-.174501566533,-.17571733994,-.621841250475,-.619083173533,-1.84768484217,-1.84733266735,-7.21759667852,-7.21955684656,-4.86386681702,-4.85976410866,.562183916041,.55938719038
1989/3/31 ,-.181644803251,-.182989899184,-.607215902201,-.604416667581,-1.83182733777,-1.83135985864,-7.21029454146,-7.21156295451,-4.85322554812,-4.84868502526,.544937153395,.54238242867
1989/4/30 ,-.173983211877,-.175641345861,-.632161061027,-.629488072887,-1.84881902488,-1.84762409678,-7.23051333182,-7.2316953861,-4.88369120677,-4.87834300642,.52235885958,.520102460546
1989/5/31 ,-.171507422933,-.173697901706,-.631170994519,-.628133712845,-1.84913988329,-1.84807337758,-7.22690848015,-7.22832194506,-4.88862486311,-4.88384187921,.524136637826,.521646862398
1989/6/30 ,-.187816076112,-.190189567966,-.684848377745,-.682405249876,-1.90621706934,-1.90533074624,-7.27146202156,-7.27395289519,-4.96089108311,-4.95672103352,.452984624076,.449609577092
1989/7/31 ,-.177555860721,-.180049238796,-.656838230446,-.654745782942,-1.87945295197,-1.8794485329,-7.24241468936,-7.24492728344,-4.95020875092,-4.94647852521,.455841315433,.45196694176
1989/8/31 ,-.163304356841,-.166727076597,-.623052808978,-.621772546551,-1.84286386696,-1.84320910576,-7.20120040484,-7.20445149272,-4.9181417342,-4.91498097428,.50349884838,.498894732898
1989/9/30 ,-.167325860721,-.170086507126,-.681677868177,-.680291530196,-1.89720029005,-1.89727480162,-7.2574026965,-7.2601633429,-4.98251030658,-4.97972351368,.4424397109,.438319444979
1989/10/31 ,-.163815986596,-.166614591411,-.6281965432,-.626794025021,-1.84973874737,-1.85012443444,-7.22384640564,-7.22623158754,-4.93823737366,-4.93476021469,.481190818636,.476606780379
1989/11/30 ,-.160272413025,-.163405151661,-.608603736065,-.60822521012,-1.82979629927,-1.83118223945,-7.20671204807,-7.20958147944,-4.96295071323,-4.96091518196,.458689869345,.453238882913
1989/12/31 ,-.153055389466,-.156010668177,-.577516998265,-.577224133254,-1.8059201201,-1.80735484457,-7.17987142628,-7.18323799216,-4.96312145429,-4.96143578892,.448524597569,.44321037435
1990/1/31 ,-.146814868337,-.150248836906,-.525599669037,-.525230757886,-1.75544924517,-1.7578708235,-7.14536729879,-7.14950085605,-4.96787343476,-4.96641175643,.477785769688,.471939254713
1990/2/28 ,-.172616366768,-.176229761853,-.519112146471,-.518857795463,-1.7417426987,-1.74355306534,-7.12929278647,-7.1329278338,-4.97586232734,-4.97449624748,.520280782537,.515215972067
1990/3/31 ,-.173476389065,-.177813160226,-.54069624618,-.53994702095,-1.75657343578,-1.75834083438,-7.14301368023,-7.1462376571,-5.00833103019,-5.00713725376,.510125378652,.504525821617
1990/4/30 ,-.155813481593,-.15984029585,-.532357918893,-.532012314269,-1.74538055874,-1.74670983506,-7.13408198675,-7.13643083777,-5.06859952347,-5.06784107605,.489193323639,.483906534415
1990/5/31 ,-.15210216864,-.15627669278,-.518416369186,-.51804613638,-1.72908179142,-1.73009014458,-7.11560416158,-7.11837514645,-5.06760178777,-5.06660771074,.495001073419,.489254633838
1990/6/30 ,-.156818533788,-.161288468876,-.52672701889,-.526532566911,-1.74315480284,-1.74466318959,-7.12834288038,-7.13149559584,-5.01881388824,-5.01844458199,.521468783864,.515932561134
1990/7/31 ,-.149074835985,-.154370623865,-.50599400999,-.505886156377,-1.71610180288,-1.71757984294,-7.10417694152,-7.1065967887,-5.01901141949,-5.01835185664,.567300470694,.561613790598
1990/8/31 ,-.141518280278,-.146068397696,-.46476757303,-.46502896796,-1.67439750394,-1.67597427386,-7.06044166045,-7.06343106333,-4.99158709913,-4.99115801113,.617884696059,.611882893729
1990/9/30 ,-.141872112551,-.145770957661,-.46017842404,-.46047566972,-1.66952848884,-1.67112689268,-7.07196125232,-7.07338664212,-4.96624015598,-4.96644502488,.627541423462,.621973361105
1990/10/31 ,-.141176085186,-.14496613871,-.439543057738,-.440207537113,-1.64861791395,-1.65021986782,-7.05899089116,-7.06020074684,-4.91955010077,-4.91949151948,.636312243807,.630313871388
1990/11/30 ,-.15206219322,-.155701552044,-.410661252514,-.411027762053,-1.61988786098,-1.62141471646,-7.02954428633,-7.03164700641,-4.87070252835,-4.87085404254,.668598307639,.663769861849
1990/12/31 ,-.154225120591,-.157466392158,-.414629173278,-.415330067057,-1.6321076107,-1.63334095951,-7.03676565427,-7.04065486142,-4.9011553679,-4.90110432427,.651804217026,.646998524534
1991/1/31 ,-.14895586295,-.152168518623,-.402004897043,-.402960671862,-1.62690111945,-1.62872952218,-7.02818305832,-7.03251985066,-4.90986984683,-4.91055869216,.657520002917,.651804217026
1991/2/28 ,-.148097195098,-.15129790153,-.383383133238,-.385149580963,-1.60842551042,-1.61094252823,-7.00575255203,-7.00980377408,-4.87839202622,-4.87923815707,.681327603755,.67589928715
1991/3/31 ,-.142187184372,-.14457206253,-.429926384991,-.431875952659,-1.65526317582,-1.6571632562,-7.04662343313,-7.05142771611,-4.90144275686,-4.90244818935,.640800700188,.635623994316
1991/4/30 ,-.145321875418,-.148120976958,-.533566797078,-.53602001373,-1.75475978785,-1.75726974381,-7.14619244041,-7.15136755328,-4.94998671186,-4.95058252223,.553310235372,.54812140851
1991/5/31 ,-.141940414152,-.144816542704,-.534322406758,-.536915860623,-1.75313778412,-1.75600748056,-7.1412251501,-7.14593670766,-4.9241772841,-4.92542352591,.544937153395,.539996001066
1991/6/30 ,-.135848294163,-.138327848022,-.556876926011,-.559472066653,-1.77791841782,-1.78078162682,-7.16466684336,-7.16915406822,-4.93467522457,-4.93624506241,.529156580451,.524669355587
1991/7/31 ,-.133956998636,-.136412690657,-.599924603478,-.60241832717,-1.81974399699,-1.82307901665,-7.210951064,-7.21556383633,-4.93007645738,-4.93183707609,.479334956675,.474493534519
1991/8/31 ,-.139450221674,-.141836145359,-.564043588085,-.566864300463,-1.78711908967,-1.79030352625,-7.1800871629,-7.18485236999,-4.92503489037,-4.9263581385,.515215972067,.510905620566
1991/9/30 ,-.131860858593,-.134078802218,-.556644017546,-.559375663069,-1.7800692478,-1.78291482046,-7.17126018461,-7.17593862932,-4.91740011133,-4.91887178244,.521765563804,.517543011514
1991/10/31 ,-.12386670461,-.126637460463,-.511397542569,-.514095569025,-1.73733993147,-1.74080987582,-7.12814905771,-7.13302264363,-4.89256617633,-4.89375686554,.558472277233,.554057512158
1991/11/30 ,-.113869509925,-.116292363253,-.507103357478,-.510465001839,-1.7359786512,-1.73928447071,-7.12625818488,-7.13115715777,-4.86891850331,-4.86978429425,.559330032826,.554890354928
1991/12/31 ,-.126222167096,-.128349133945,-.475301980208,-.479336007463,-1.70467132958,-1.7089407123,-7.10229200934,-7.10905316255,-4.8666897369,-4.86779984728,.574645136479,.569735835645
1992/1/31 ,-.144791912532,-.147247033402,-.416450335516,-.420974421458,-1.64539507304,-1.6505710867,-7.04616850941,-7.05319147473,-4.82777912088,-4.82885108283,.626473047292,.620845268805
1992/2/29 ,-.157241137535,-.159584373262,-.465653905119,-.470122284256,-1.69101789943,-1.69562995304,-7.08683083246,-7.09288355515,-4.83274833437,-4.83371569402,.587786664902,.582662447385
1992/3/31 ,-.166725393181,-.1693188221,-.495036577522,-.500067610978,-1.71886306993,-1.72416407484,-7.11557263988,-7.12287497464,-4.86439652176,-4.86567525268,.562753716626,.55706969224
1992/4/30 ,-.176115175351,-.179064010802,-.502671822039,-.50727364567,-1.72360524167,-1.7285294164,-7.12845966305,-7.13485784804,-4.89993270128,-4.9004905829,.544647172242,.538946499483
1992/5/31 ,-.17294062496,-.175461630153,-.495584007797,-.500245852125,-1.71109409653,-1.71606537366,-7.11804344352,-7.12468166225,-4.88758631683,-4.8882885305,.579418415232,.573687740523
1992/6/30 ,-.185926315323,-.187636331515,-.476223957584,-.48095842778,-1.68825619048,-1.69333206916,-7.10003802887,-7.10679590048,-4.847330882,-4.8479650247,.600483495697,.595534351693
1992/7/31 ,-.183106178254,-.184340171642,-.417084071734,-.422008206255,-1.63015330882,-1.63542283952,-7.04596891621,-7.05452251193,-4.8277903141,-4.82847151993,.647626665258,.642485265758
1992/8/31 ,-.169110979478,-.170814706615,-.38939769993,-.39543238195,-1.60683577722,-1.61322258253,-7.01660502244,-7.02751219046,-4.84583092917,-4.84645364906,.654406352244,.648149814629
1992/9/30 ,-.177553069907,-.178553490028,-.331703749734,-.337353327217,-1.55806554895,-1.56407334552,-6.97070421742,-6.98220678899,-4.8116508928,-4.81216633659,.691646054434,.685770036221
1992/10/31 ,-.224927159854,-.229433424615,-.354368802819,-.360320389628,-1.57218474124,-1.58356274852,-7.12853496745,-7.14017549502,-4.78806744804,-4.78875722248,.551871593202,.54667527666
1992/11/30 ,-.216921163463,-.220477881053,-.450262214572,-.45517802293,-1.67115659476,-1.67647928205,-7.20214837656,-7.21162407162,-4.81945976899,-4.81968703338,.426247647291,.42205998168
1992/12/31 ,-.249033925582,-.252785352438,-.457354818595,-.461890634126,-1.6846377526,-1.69121546849,-7.24499427099,-7.25398296643,-4.82407437012,-4.82386608787,.429507102588,.426769874602
1993/1/31 ,-.24457667705,-.247375498647,-.482352757442,-.486733308004,-1.70930117942,-1.71695709827,-7.29533797577,-7.30403501899,-4.82699186004,-4.8274520397,.414755155015,.411645967183
1993/2/28 ,-.23606283282,-.238601248591,-.493126046667,-.497456208553,-1.71107633943,-1.71941006169,-7.32314687627,-7.33020762793,-4.82728121269,-4.82762360615,.373974441017,.37121866938
1993/3/31 ,-.223698952606,-.22588333621,-.498246841559,-.502813667906,-1.72009686654,-1.72799898792,-7.35592948879,-7.36328855046,-4.77555738486,-4.77570387877,.364643113588,.361931106084
1993/4/30 ,-.231304197223,-.233016461612,-.469675814131,-.473827866754,-1.69152074322,-1.69742423946,-7.37270683661,-7.379588825,-4.73673307404,-4.73657821081,.422322225175,.419959554259
1993/5/31 ,-.24095717377,-.242621604799,-.462847749103,-.46721602328,-1.67749556875,-1.68197046792,-7.30853554036,-7.31541194727,-4.71148626789,-4.71159250593,.450438473751,.447821924187
1993/6/30 ,-.242933536465,-.244310054356,-.465318266445,-.469728919507,-1.68186352705,-1.68642288984,-7.29401719325,-7.30099577293,-4.67459279534,-4.67434615538,.438899884194,.436511476513
1993/7/31 ,-.253117390778,-.254204305408,-.529867564848,-.533894359632,-1.74702140901,-1.75071481242,-7.34218582671,-7.34793740537,-4.67648055562,-4.6760991665,.411115779617,.408792898201
1993/8/31 ,-.247877100032,-.248633642209,-.539611730484,-.54331926597,-1.79377154234,-1.7982109963,-7.3817581179,-7.38768724849,-4.64820523845,-4.64787491372,.398440493171,.395953347736
1993/9/30 ,-.275669916004,-.276876848055,-.506837582588,-.509975471945,-1.76173897944,-1.76562350995,-7.37412461733,-7.37942402159,-4.66002264483,-4.65966252712,.410452649619,.408061733955
1993/10/31 ,-.289755643468,-.290989179091,-.489001692307,-.492190500576,-1.73826713465,-1.74171589811,-7.37211781959,-7.37704703257,-4.66291885329,-4.66259952523,.40912506894,.406697681511
1993/11/30 ,-.274085669935,-.275074162875,-.526568705568,-.52961257572,-1.77975887236,-1.78305334463,-7.40938956805,-7.41413818437,-4.68401756052,-4.68358210315,.392717535286,.390419149903
1993/12/31 ,-.28844166231,-.288831459009,-.540767980381,-.543443033736,-1.7803812366,-1.78344351891,-7.44685027762,-7.45184634361,-4.68747049456,-4.68634662415,.39237986856,.390825131369
1994/1/31 ,-.280627847988,-.281150459354,-.551890373543,-.554639953579,-1.7757138849,-1.77879053346,-7.44541787254,-7.44991212259,-4.71496828944,-4.71411412113,.391704192858,.389674422202
1994/2/28 ,-.286254473066,-.28663466469,-.546362093294,-.548722506828,-1.76919009585,-1.77176473308,-7.42892069349,-7.43308729407,-4.67879082177,-4.67811050143,.410187274443,.408460617088
1994/3/31 ,-.302096525782,-.302415642763,-.535879264964,-.53843475977,-1.76047666043,-1.76313408794,-7.43337130649,-7.43728878325,-4.65028765238,-4.64928663596,.396087946296,.39467375703
1994/4/30 ,-.327323309114,-.32807480196,-.5278117698,-.529581134733,-1.75544624671,-1.75751481075,-7.39584212788,-7.39971112553,-4.63909151818,-4.63801799103,.388318949273,.387029545952
1994/5/31 ,-.323404487575,-.32497366563,-.500805221311,-.502085872039,-1.73174587242,-1.73340793576,-7.36991620782,-7.37336132411,-4.62276554586,-4.62135732794,.417723005504,.416701740034
1994/6/30 ,-.326802006277,-.328227020288,-.496365236755,-.49711913777,-1.72570961537,-1.72682514361,-7.3730596631,-7.37597034228,-4.65062135441,-4.64856583456,.416800617772,.41620720464
1994/7/31 ,-.323241871362,-.324478804614,-.466584265823,-.466974458974,-1.69827250715,-1.69915042105,-7.36868412781,-7.37169743762,-4.59213369341,-4.58995154636,.430482871083,.430092677933
1994/8/31 ,-.327846066982,-.328588629993,-.453785729351,-.454288829888,-1.68297466432,-1.68370896401,-7.36447225716,-7.36808053954,-4.59363494692,-4.59135253892,.43080791578,.429995105851
1994/9/30 ,-.313098070772,-.312919322357,-.455461277319,-.455611715823,-1.6858433519,-1.68640015599,-7.36597116803,-7.36897091394,-4.60181456543,-4.59992295197,.431977202648,.431847349382
1994/10/31 ,-.296766162172,-.29684027407,-.442945658028,-.442857874654,-1.66998797693,-1.67037424217,-7.35596050029,-7.35892851855,-4.60336881798,-4.60088804986,.456158222424,.455777921982
1994/11/30 ,-.30338669911,-.303690429705,-.405036803271,-.405169203326,-1.63531896789,-1.63583630431,-7.33927970146,-7.34220281637,-4.57215167121,-4.57009957113,.491459301275,.490816775208
1994/12/31 ,-.318500135908,-.318320347911,-.452454872784,-.451770542046,-1.68459178971,-1.68404785902,-7.38751104328,-7.38963826616,-4.59854864369,-4.5952048968,.449290587648,.449609577092
1995/1/31 ,-.338342376514,-.338698047817,-.438224002299,-.43773307323,-1.67461141889,-1.67490094056,-7.39157123489,-7.39406033784,-4.60286647984,-4.59965728723,.447566284127,.447438439586
1995/2/28 ,-.343026331169,-.344840486292,-.420359534572,-.419908059325,-1.66314167816,-1.66288574688,-7.38318108099,-7.38513196864,-4.59972417445,-4.59698363652,.458436992874,.458057558227
1995/3/31 ,-.333784294083,-.335260082366,-.381864311434,-.380950727113,-1.63768259831,-1.6379664509,-7.40321340634,-7.40625733655,-4.57213065887,-4.5692064691,.457804521789,.457551421306
1995/4/30 ,-.336710759898,-.338383654278,-.316410703013,-.315206430943,-1.57076278609,-1.57245032924,-7.4504120127,-7.4542174673,-4.45652394463,-4.4522100481,.480510735764,.480294248729
1995/5/31 ,-.303990241838,-.306244784151,-.329411901996,-.328288590564,-1.59963939831,-1.6019370927,-7.4163332013,-7.42067195791,-4.42568467064,-4.42247337306,.480139586434,.479458788016
1995/6/30 ,-.3178307547,-.319170688622,-.352928383082,-.351690042688,-1.60931220533,-1.61057509367,-7.40819599869,-7.41203038597,-4.44379594264,-4.43983508079,.464425600932,.464205603131
1995/7/31 ,-.316479329412,-.317193193872,-.320753228798,-.319400223129,-1.57518053837,-1.57610032578,-7.39076727686,-7.39507236905,-4.43825808519,-4.43386339783,.469566033515,.469034409704
1995/8/31 ,-.313505991395,-.314396444615,-.322426088769,-.321456851561,-1.56272964267,-1.56350228861,-7.36688778126,-7.37134349406,-4.48059601975,-4.47650702337,.469253347855,.468408607875
1995/9/30 ,-.295285939879,-.296138544993,-.380661915062,-.379365787002,-1.6199333666,-1.61993439086,-7.39369375143,-7.39735032668,-4.57898094676,-4.57461913838,.439866534825,.439157749075
1995/10/31 ,-.291769228769,-.292133480106,-.357562962362,-.356078871377,-1.59510852858,-1.59521868521,-7.38434615271,-7.38796729738,-4.61097211121,-4.60601171471,.461908451531,.461120541186
1995/11/30 ,-.297390886579,-.298581942746,-.348124076838,-.346492685597,-1.59219797899,-1.59378414105,-7.37403337552,-7.37760822171,-4.63497190782,-4.63002656193,.456475029016,.455777921982
1995/12/31 ,-.311325743373,-.312514184796,-.368106609091,-.366597767169,-1.60840523935,-1.6086531627,-7.37947471557,-7.38311297174,-4.61834987038,-4.61347688722,.425790474569,.425104323361
1996/1/31 ,-.310305202555,-.310337536486,-.358566751178,-.357235552504,-1.58726948484,-1.58731876864,-7.36922191136,-7.37338640795,-4.63620053654,-4.63171210184,.439930944989,.43918997751
1996/2/29 ,-.318303516462,-.318381578443,-.400983023394,-.399428405309,-1.63366134082,-1.63277459261,-7.36481305287,-7.36852732831,-4.67390360056,-4.67002184014,.414160526475,.413433277757
1996/3/31 ,-.313755695887,-.31385903974,-.389283240633,-.38762518998,-1.62088742601,-1.62012066124,-7.35351433853,-7.3575891072,-4.65828480558,-4.65444665095,.424221436591,.423305026236
1996/4/30 ,-.303841609952,-.303619960638,-.394125324147,-.392042087776,-1.61928828074,-1.61792637346,-7.358186399,-7.36188978831,-4.67769085135,-4.67352716572,.422256670748,.421994410059
1996/5/31 ,-.30918330151,-.309374610117,-.427603795202,-.425957492883,-1.64427988379,-1.64299307799,-7.35624791556,-7.36029712046,-4.65505500481,-4.65097267293,.403129048311,.402594324683
1996/6/30 ,-.314273032069,-.314459502432,-.422974805924,-.421374898606,-1.64301238121,-1.64176724615,-7.34180782303,-7.34576851916,-4.68476693531,-4.68095251097,.43780321602,.437286720431
