"warehouse_id","warehouse_class_id","stores_id","warehouse_name","wa_address1","wa_address2","wa_address3","wa_address4","warehouse_city","warehouse_state_province","warehouse_postal_code","warehouse_country","warehouse_owner_name","warehouse_phone","warehouse_fax"
1,1,1,"Salka Warehousing","9716 Alovera Road",,,,"Acapulco","Guerrero","55555","Mexico",,"821-555-1658","594-555-2908"
2,2,2,"Foster Products","958 Hilltop Dr",,,,"Bellingham","WA","55555","USA",,"315-555-8947","119-555-3826"
3,3,3,"Destination, Inc.","4162 Euclid Ave",,,,"Bremerton","WA","55555","USA",,"517-555-3022","136-555-4501"
4,4,4,"Anderson Warehousing","5657 Georgia Dr",,,,"Camacho","Zacatecas","55555","Mexico",,"681-555-1655","946-555-4848"
5,5,5,"Focus, Inc.","9116 Tice Valley Blv.",,,,"Guadalajara","Jalisco","55555","Mexico",,"344-555-5530","379-555-9065"
6,6,6,"Big  Quality Warehouse","3521 Fourth Stret",,,,"Beverly Hills","CA","55555","USA",,"892-555-3590","388-555-7926"
7,1,7,"Artesia Warehousing, Inc.","9889 Matterhorn Court",,,,"Los Angeles","CA","55555","USA",,"859-555-2792","740-555-6556"
8,2,8,"Bastani and Sons","1893 Northridge Drive",,,,"Marida","Yucatan","55555","Mexico",,"846-555-3024","804-555-6674"
9,3,9,"Freeman And Co","234 West Covina Pkwy",,,,"Mexico City","DF","55555","Mexico",,,
10,3,10,"Jamison, Inc.","1172 Liana Lane",,,,"Orizaba","Veracruz","55555","Mexico",,"379-555-5756","436-555-7920"
11,4,11,"Quality Distribution, Inc.","6085 Darlene Drive",,,,"Portland","OR","55555","USA",,"181-555-3588","269-555-8381"
12,5,12,"Arnold and Sons","5617 Saclan Terrace",,,,"Hidalgo","Zacatecas","55555","Mexico",,"360-555-8035","263-555-1427"
13,6,13,"Treehouse Distribution","5473 Olive Hill",,,,"Salem","OR","55555","USA",,"831-555-6210","481-555-1317"
14,1,14,"Food Service Storage, Inc.","5259 Mildred Ln",,,,"San Francisco","CA","55555","USA",,"471-555-2456","552-555-3249"
15,2,15,"Quality Warehousing and Trucking","3337 Northpoint Ct",,,,"Seattle","WA","55555","USA",,"427-555-9060","869-555-1652"
16,3,16,"Jones International","3377 Coachman Place",,,,"Spokane","WA","55555","USA",,"144-555-5192","971-555-6213"
17,4,17,"Jorge Garcia, Inc.","4364 Viera Avenue",,,,"Tacoma","WA","55555","USA",,"200-555-1310","442-555-5874"
18,5,18,"Worthington Food Products","4659 Cape Cod Way",,,,"Hidalgo","Zacatecas","55555","Mexico",,"609-555-5413","952-555-8492"
19,6,19,"Bellmont Distributing","5900 May Rd",,,,"Vancouver","BC","55555","Canada",,"226-555-5335","361-555-7385"
20,1,20,"Rose Food Warehousing","9104 Jacobsen Street",,,,"Victoria","BC","55555","Canada",,"143-555-7496","332-555-1803"
21,2,21,"Derby and Hunt","600 Lake Nadine Place",,,,"San Andres","DF","55555","Mexico",,"922-555-5214","618-555-6578"
22,3,22,"Valdez Warehousing","6714 Roundtree Court",,,,"Walla Walla","WA","55555","USA",,"301-555-8174","666-555-9881"
23,4,23,"Maddock Stored Foods","8463 Kim Court",,,,"Yakima","WA","55555","USA",,"803-555-8978","630-555-2485"
24,5,24,"Jorgensen Service Storage","4832 Park Glen Ct",,,,"San Diego","CA","55555","USA",,"259-555-2824","470-555-4760"
